{
    "best_path": [
        0,
        23,
        22,
        4,
        25,
        0,
        2,
        21,
        0,
        7,
        20,
        1,
        0,
        15,
        13,
        0,
        5,
        8,
        17,
        0,
        12,
        9,
        3,
        24,
        0,
        11,
        19,
        10,
        0,
        14,
        16,
        6,
        0,
        18,
        0
    ],
    "best_path_distance": 658.7305244867433,
    "best_vehicle_num": 9,
    "total_time": 46.75041151046753,
    "routes": [
        [
            23,
            22,
            4,
            25
        ],
        [
            2,
            21
        ],
        [
            7,
            20,
            1
        ],
        [
            15,
            13
        ],
        [
            5,
            8,
            17
        ],
        [
            12,
            9,
            3,
            24
        ],
        [
            11,
            19,
            10
        ],
        [
            14,
            16,
            6
        ],
        [
            18
        ]
    ],
    "parameters": {
        "ants_num": 20,
        "max_iter": 200,
        "alpha": 1,
        "beta": 2,
        "q0": 0.1,
        "rho": 0.1
    }
}