{
    "best_path": [
        0,
        53,
        58,
        0,
        27,
        69,
        1,
        70,
        0,
        28,
        12,
        54,
        24,
        80,
        0,
        59,
        99,
        84,
        17,
        93,
        0,
        52,
        18,
        60,
        0,
        39,
        23,
        67,
        55,
        25,
        0,
        76,
        79,
        3,
        68,
        77,
        0,
        2,
        21,
        73,
        41,
        4,
        0,
        6,
        89,
        0,
        33,
        81,
        50,
        0,
        40,
        26,
        0,
        30,
        90,
        10,
        32,
        0,
        63,
        64,
        49,
        48,
        0,
        72,
        75,
        56,
        74,
        0,
        92,
        98,
        87,
        57,
        97,
        13,
        0,
        95,
        94,
        96,
        91,
        100,
        0,
        36,
        47,
        19,
        0,
        14,
        44,
        38,
        43,
        0,
        82,
        8,
        46,
        0,
        42,
        15,
        22,
        0,
        31,
        51,
        9,
        20,
        0,
        5,
        16,
        86,
        0,
        45,
        83,
        61,
        85,
        37,
        0,
        62,
        88,
        7,
        0,
        29,
        78,
        34,
        35,
        0,
        65,
        71,
        66,
        0,
        11,
        0
    ],
    "best_path_distance": 1910.115639076564,
    "best_vehicle_num": 27,
    "total_time": 432.16521978378296,
    "routes": [
        [
            53,
            58
        ],
        [
            27,
            69,
            1,
            70
        ],
        [
            28,
            12,
            54,
            24,
            80
        ],
        [
            59,
            99,
            84,
            17,
            93
        ],
        [
            52,
            18,
            60
        ],
        [
            39,
            23,
            67,
            55,
            25
        ],
        [
            76,
            79,
            3,
            68,
            77
        ],
        [
            2,
            21,
            73,
            41,
            4
        ],
        [
            6,
            89
        ],
        [
            33,
            81,
            50
        ],
        [
            40,
            26
        ],
        [
            30,
            90,
            10,
            32
        ],
        [
            63,
            64,
            49,
            48
        ],
        [
            72,
            75,
            56,
            74
        ],
        [
            92,
            98,
            87,
            57,
            97,
            13
        ],
        [
            95,
            94,
            96,
            91,
            100
        ],
        [
            36,
            47,
            19
        ],
        [
            14,
            44,
            38,
            43
        ],
        [
            82,
            8,
            46
        ],
        [
            42,
            15,
            22
        ],
        [
            31,
            51,
            9,
            20
        ],
        [
            5,
            16,
            86
        ],
        [
            45,
            83,
            61,
            85,
            37
        ],
        [
            62,
            88,
            7
        ],
        [
            29,
            78,
            34,
            35
        ],
        [
            65,
            71,
            66
        ],
        [
            11
        ]
    ],
    "parameters": {
        "ants_num": 20,
        "max_iter": 200,
        "alpha": 1,
        "beta": 2,
        "q0": 0.1,
        "rho": 0.1
    }
}