{
    "best_path": [
        0,
        69,
        51,
        20,
        0,
        30,
        90,
        32,
        70,
        0,
        27,
        52,
        18,
        48,
        0,
        53,
        58,
        0,
        28,
        76,
        50,
        1,
        77,
        0,
        31,
        88,
        10,
        0,
        39,
        23,
        67,
        55,
        25,
        0,
        5,
        99,
        96,
        13,
        89,
        0,
        95,
        97,
        0,
        40,
        94,
        37,
        91,
        100,
        0,
        33,
        81,
        35,
        0,
        12,
        79,
        3,
        68,
        80,
        0,
        21,
        73,
        41,
        56,
        4,
        0,
        2,
        26,
        0,
        83,
        84,
        60,
        93,
        0,
        59,
        61,
        85,
        0,
        45,
        8,
        46,
        0,
        6,
        0,
        92,
        98,
        16,
        86,
        17,
        0,
        14,
        44,
        38,
        43,
        0,
        82,
        7,
        0,
        29,
        78,
        34,
        24,
        0,
        72,
        75,
        22,
        74,
        0,
        36,
        47,
        19,
        0,
        63,
        64,
        49,
        0,
        42,
        15,
        87,
        57,
        0,
        62,
        11,
        66,
        0,
        65,
        71,
        9,
        54,
        0
    ],
    "best_path_distance": 1986.0503436222364,
    "best_vehicle_num": 28,
    "total_time": 460.21082305908203,
    "routes": [
        [
            69,
            51,
            20
        ],
        [
            30,
            90,
            32,
            70
        ],
        [
            27,
            52,
            18,
            48
        ],
        [
            53,
            58
        ],
        [
            28,
            76,
            50,
            1,
            77
        ],
        [
            31,
            88,
            10
        ],
        [
            39,
            23,
            67,
            55,
            25
        ],
        [
            5,
            99,
            96,
            13,
            89
        ],
        [
            95,
            97
        ],
        [
            40,
            94,
            37,
            91,
            100
        ],
        [
            33,
            81,
            35
        ],
        [
            12,
            79,
            3,
            68,
            80
        ],
        [
            21,
            73,
            41,
            56,
            4
        ],
        [
            2,
            26
        ],
        [
            83,
            84,
            60,
            93
        ],
        [
            59,
            61,
            85
        ],
        [
            45,
            8,
            46
        ],
        [
            6
        ],
        [
            92,
            98,
            16,
            86,
            17
        ],
        [
            14,
            44,
            38,
            43
        ],
        [
            82,
            7
        ],
        [
            29,
            78,
            34,
            24
        ],
        [
            72,
            75,
            22,
            74
        ],
        [
            36,
            47,
            19
        ],
        [
            63,
            64,
            49
        ],
        [
            42,
            15,
            87,
            57
        ],
        [
            62,
            11,
            66
        ],
        [
            65,
            71,
            9,
            54
        ]
    ],
    "parameters": {
        "ants_num": 20,
        "max_iter": 200,
        "alpha": 1,
        "beta": 2,
        "q0": 0.1,
        "rho": 0.1
    }
}