{
    "best_path": [
        0,
        45,
        8,
        46,
        17,
        0,
        18,
        6,
        13,
        0,
        28,
        50,
        1,
        0,
        31,
        30,
        20,
        32,
        0,
        27,
        7,
        48,
        0,
        42,
        15,
        41,
        26,
        0,
        39,
        23,
        22,
        4,
        25,
        0,
        29,
        34,
        35,
        0,
        33,
        9,
        3,
        24,
        0,
        12,
        0,
        2,
        21,
        40,
        0,
        5,
        16,
        37,
        0,
        14,
        44,
        38,
        43,
        0,
        36,
        47,
        19,
        10,
        0,
        11,
        49,
        0
    ],
    "best_path_distance": 1126.2786880509673,
    "best_vehicle_num": 15,
    "total_time": 166.47841596603394,
    "routes": [
        [
            45,
            8,
            46,
            17
        ],
        [
            18,
            6,
            13
        ],
        [
            28,
            50,
            1
        ],
        [
            31,
            30,
            20,
            32
        ],
        [
            27,
            7,
            48
        ],
        [
            42,
            15,
            41,
            26
        ],
        [
            39,
            23,
            22,
            4,
            25
        ],
        [
            29,
            34,
            35
        ],
        [
            33,
            9,
            3,
            24
        ],
        [
            12
        ],
        [
            2,
            21,
            40
        ],
        [
            5,
            16,
            37
        ],
        [
            14,
            44,
            38,
            43
        ],
        [
            36,
            47,
            19,
            10
        ],
        [
            11,
            49
        ]
    ],
    "parameters": {
        "ants_num": 20,
        "max_iter": 200,
        "alpha": 1,
        "beta": 2,
        "q0": 0.1,
        "rho": 0.1
    }
}