{
    "best_path": [
        0,
        9,
        20,
        1,
        0,
        12,
        3,
        24,
        25,
        0,
        23,
        22,
        4,
        0,
        15,
        6,
        13,
        0,
        2,
        21,
        0,
        5,
        18,
        0,
        11,
        19,
        10,
        0,
        14,
        16,
        17,
        0,
        7,
        8,
        0
    ],
    "best_path_distance": 643.9629175540601,
    "best_vehicle_num": 9,
    "total_time": 49.27735495567322,
    "routes": [
        [
            9,
            20,
            1
        ],
        [
            12,
            3,
            24,
            25
        ],
        [
            23,
            22,
            4
        ],
        [
            15,
            6,
            13
        ],
        [
            2,
            21
        ],
        [
            5,
            18
        ],
        [
            11,
            19,
            10
        ],
        [
            14,
            16,
            17
        ],
        [
            7,
            8
        ]
    ],
    "parameters": {
        "ants_num": 20,
        "max_iter": 200,
        "alpha": 1,
        "beta": 2,
        "q0": 0.1,
        "rho": 0.1
    }
}