{
    "best_path": [
        0,
        65,
        63,
        62,
        74,
        72,
        61,
        64,
        68,
        66,
        69,
        0,
        20,
        24,
        25,
        27,
        29,
        30,
        28,
        26,
        23,
        22,
        21,
        0,
        5,
        3,
        7,
        8,
        10,
        11,
        6,
        4,
        1,
        75,
        0,
        43,
        42,
        45,
        48,
        51,
        52,
        49,
        47,
        0,
        96,
        95,
        94,
        92,
        93,
        97,
        100,
        99,
        2,
        0,
        87,
        84,
        85,
        91,
        0,
        67,
        41,
        40,
        44,
        46,
        50,
        0,
        90,
        86,
        83,
        82,
        77,
        79,
        80,
        0,
        98,
        16,
        14,
        12,
        0,
        13,
        17,
        18,
        19,
        15,
        9,
        0,
        81,
        78,
        76,
        71,
        70,
        73,
        88,
        89,
        0,
        32,
        33,
        31,
        35,
        37,
        38,
        39,
        36,
        34,
        0,
        57,
        55,
        54,
        53,
        56,
        58,
        60,
        59,
        0
    ],
    "best_path_distance": 1100.823922080726,
    "best_vehicle_num": 13,
    "total_time": 380.55921745300293,
    "routes": [
        [
            65,
            63,
            62,
            74,
            72,
            61,
            64,
            68,
            66,
            69
        ],
        [
            20,
            24,
            25,
            27,
            29,
            30,
            28,
            26,
            23,
            22,
            21
        ],
        [
            5,
            3,
            7,
            8,
            10,
            11,
            6,
            4,
            1,
            75
        ],
        [
            43,
            42,
            45,
            48,
            51,
            52,
            49,
            47
        ],
        [
            96,
            95,
            94,
            92,
            93,
            97,
            100,
            99,
            2
        ],
        [
            87,
            84,
            85,
            91
        ],
        [
            67,
            41,
            40,
            44,
            46,
            50
        ],
        [
            90,
            86,
            83,
            82,
            77,
            79,
            80
        ],
        [
            98,
            16,
            14,
            12
        ],
        [
            13,
            17,
            18,
            19,
            15,
            9
        ],
        [
            81,
            78,
            76,
            71,
            70,
            73,
            88,
            89
        ],
        [
            32,
            33,
            31,
            35,
            37,
            38,
            39,
            36,
            34
        ],
        [
            57,
            55,
            54,
            53,
            56,
            58,
            60,
            59
        ]
    ],
    "parameters": {
        "ants_num": 20,
        "max_iter": 200,
        "alpha": 1,
        "beta": 2,
        "q0": 0.1,
        "rho": 0.1
    }
}