{
    "best_path": [
        0,
        13,
        19,
        15,
        16,
        14,
        12,
        0,
        20,
        25,
        29,
        30,
        28,
        26,
        23,
        22,
        21,
        0,
        24,
        27,
        0,
        43,
        42,
        41,
        40,
        44,
        46,
        45,
        48,
        50,
        49,
        47,
        0,
        32,
        33,
        31,
        35,
        37,
        38,
        39,
        36,
        34,
        0,
        17,
        18,
        10,
        11,
        9,
        6,
        4,
        2,
        1,
        0,
        5,
        3,
        7,
        8,
        0
    ],
    "best_path_distance": 465.69815672177407,
    "best_vehicle_num": 7,
    "total_time": 130.53397011756897,
    "routes": [
        [
            13,
            19,
            15,
            16,
            14,
            12
        ],
        [
            20,
            25,
            29,
            30,
            28,
            26,
            23,
            22,
            21
        ],
        [
            24,
            27
        ],
        [
            43,
            42,
            41,
            40,
            44,
            46,
            45,
            48,
            50,
            49,
            47
        ],
        [
            32,
            33,
            31,
            35,
            37,
            38,
            39,
            36,
            34
        ],
        [
            17,
            18,
            10,
            11,
            9,
            6,
            4,
            2,
            1
        ],
        [
            5,
            3,
            7,
            8
        ]
    ],
    "parameters": {
        "ants_num": 20,
        "max_iter": 200,
        "alpha": 1,
        "beta": 2,
        "q0": 0.1,
        "rho": 0.1
    }
}