{
    "best_path": [
        0,
        20,
        24,
        25,
        23,
        22,
        21,
        0,
        10,
        11,
        9,
        6,
        4,
        2,
        1,
        0,
        5,
        3,
        7,
        8,
        0,
        13,
        17,
        18,
        19,
        15,
        16,
        14,
        12,
        0
    ],
    "best_path_distance": 223.08189339370728,
    "best_vehicle_num": 4,
    "total_time": 57.2735116481781,
    "routes": [
        [
            20,
            24,
            25,
            23,
            22,
            21
        ],
        [
            10,
            11,
            9,
            6,
            4,
            2,
            1
        ],
        [
            5,
            3,
            7,
            8
        ],
        [
            13,
            17,
            18,
            19,
            15,
            16,
            14,
            12
        ]
    ],
    "parameters": {
        "ants_num": 20,
        "max_iter": 200,
        "alpha": 1,
        "beta": 2,
        "q0": 0.1,
        "rho": 0.1
    }
}