{
    "best_path": [
        0,
        93,
        75,
        2,
        95,
        98,
        3,
        4,
        89,
        91,
        84,
        83,
        82,
        85,
        81,
        78,
        77,
        87,
        90,
        0,
        67,
        63,
        62,
        66,
        69,
        68,
        65,
        53,
        56,
        60,
        18,
        19,
        16,
        14,
        12,
        15,
        17,
        13,
        9,
        11,
        10,
        8,
        21,
        0,
        20,
        22,
        24,
        27,
        30,
        29,
        6,
        32,
        33,
        31,
        35,
        37,
        39,
        36,
        28,
        26,
        23,
        25,
        0,
        74,
        72,
        61,
        64,
        49,
        55,
        54,
        59,
        57,
        40,
        44,
        46,
        45,
        50,
        47,
        43,
        42,
        41,
        48,
        0,
        5,
        1,
        99,
        100,
        97,
        92,
        94,
        7,
        88,
        86,
        76,
        71,
        70,
        73,
        80,
        79,
        96,
        0,
        38,
        34,
        58,
        51,
        52,
        0
    ],
    "best_path_distance": 976.8666031860762,
    "best_vehicle_num": 6,
    "total_time": 255.04832482337952,
    "routes": [
        [
            93,
            75,
            2,
            95,
            98,
            3,
            4,
            89,
            91,
            84,
            83,
            82,
            85,
            81,
            78,
            77,
            87,
            90
        ],
        [
            67,
            63,
            62,
            66,
            69,
            68,
            65,
            53,
            56,
            60,
            18,
            19,
            16,
            14,
            12,
            15,
            17,
            13,
            9,
            11,
            10,
            8,
            21
        ],
        [
            20,
            22,
            24,
            27,
            30,
            29,
            6,
            32,
            33,
            31,
            35,
            37,
            39,
            36,
            28,
            26,
            23,
            25
        ],
        [
            74,
            72,
            61,
            64,
            49,
            55,
            54,
            59,
            57,
            40,
            44,
            46,
            45,
            50,
            47,
            43,
            42,
            41,
            48
        ],
        [
            5,
            1,
            99,
            100,
            97,
            92,
            94,
            7,
            88,
            86,
            76,
            71,
            70,
            73,
            80,
            79,
            96
        ],
        [
            38,
            34,
            58,
            51,
            52
        ]
    ],
    "parameters": {
        "ants_num": 20,
        "max_iter": 200,
        "alpha": 1,
        "beta": 2,
        "q0": 0.1,
        "rho": 0.1
    }
}