{
    "best_path": [
        0,
        20,
        22,
        24,
        6,
        23,
        18,
        19,
        16,
        14,
        12,
        15,
        17,
        13,
        25,
        9,
        11,
        10,
        8,
        21,
        0,
        5,
        2,
        1,
        7,
        3,
        4,
        0
    ],
    "best_path_distance": 215.54256527689375,
    "best_vehicle_num": 2,
    "total_time": 14.296827554702759,
    "routes": [
        [
            20,
            22,
            24,
            6,
            23,
            18,
            19,
            16,
            14,
            12,
            15,
            17,
            13,
            25,
            9,
            11,
            10,
            8,
            21
        ],
        [
            5,
            2,
            1,
            7,
            3,
            4
        ]
    ],
    "parameters": {
        "ants_num": 20,
        "max_iter": 200,
        "alpha": 1,
        "beta": 2,
        "q0": 0.1,
        "rho": 0.1
    }
}