{
    "best_path": [
        0,
        20,
        22,
        24,
        27,
        29,
        6,
        32,
        31,
        35,
        37,
        38,
        39,
        36,
        34,
        28,
        26,
        23,
        18,
        19,
        50,
        47,
        43,
        48,
        0,
        5,
        2,
        1,
        7,
        3,
        4,
        16,
        14,
        12,
        15,
        17,
        13,
        25,
        9,
        11,
        10,
        8,
        21,
        0,
        30,
        33,
        49,
        40,
        44,
        46,
        45,
        42,
        41,
        0
    ],
    "best_path_distance": 480.69971780515027,
    "best_vehicle_num": 3,
    "total_time": 68.61939239501953,
    "routes": [
        [
            20,
            22,
            24,
            27,
            29,
            6,
            32,
            31,
            35,
            37,
            38,
            39,
            36,
            34,
            28,
            26,
            23,
            18,
            19,
            50,
            47,
            43,
            48
        ],
        [
            5,
            2,
            1,
            7,
            3,
            4,
            16,
            14,
            12,
            15,
            17,
            13,
            25,
            9,
            11,
            10,
            8,
            21
        ],
        [
            30,
            33,
            49,
            40,
            44,
            46,
            45,
            42,
            41
        ]
    ],
    "parameters": {
        "ants_num": 20,
        "max_iter": 200,
        "alpha": 1,
        "beta": 2,
        "q0": 0.1,
        "rho": 0.1
    }
}