{
    "best_path": [
        0,
        21,
        23,
        19,
        18,
        22,
        9,
        10,
        17,
        13,
        0,
        2,
        5,
        3,
        1,
        4,
        0,
        14,
        12,
        16,
        15,
        11,
        7,
        8,
        6,
        20,
        24,
        25,
        0
    ],
    "best_path_distance": 486.83675847957386,
    "best_vehicle_num": 3,
    "total_time": 26.298696279525757,
    "routes": [
        [
            21,
            23,
            19,
            18,
            22,
            9,
            10,
            17,
            13
        ],
        [
            2,
            5,
            3,
            1,
            4
        ],
        [
            14,
            12,
            16,
            15,
            11,
            7,
            8,
            6,
            20,
            24,
            25
        ]
    ],
    "parameters": {
        "ants_num": 20,
        "max_iter": 200,
        "alpha": 1,
        "beta": 2,
        "q0": 0.1,
        "rho": 0.1
    }
}