{
    "best_path": [
        0,
        36,
        39,
        45,
        5,
        3,
        6,
        46,
        4,
        1,
        0,
        14,
        47,
        23,
        21,
        18,
        19,
        49,
        20,
        24,
        25,
        48,
        0,
        33,
        27,
        29,
        28,
        30,
        31,
        34,
        50,
        32,
        26,
        0,
        11,
        16,
        15,
        12,
        9,
        10,
        13,
        17,
        0,
        42,
        44,
        40,
        38,
        41,
        37,
        35,
        43,
        0,
        2,
        8,
        7,
        22,
        0
    ],
    "best_path_distance": 902.6824295479385,
    "best_vehicle_num": 6,
    "total_time": 102.91532778739929,
    "routes": [
        [
            36,
            39,
            45,
            5,
            3,
            6,
            46,
            4,
            1
        ],
        [
            14,
            47,
            23,
            21,
            18,
            19,
            49,
            20,
            24,
            25,
            48
        ],
        [
            33,
            27,
            29,
            28,
            30,
            31,
            34,
            50,
            32,
            26
        ],
        [
            11,
            16,
            15,
            12,
            9,
            10,
            13,
            17
        ],
        [
            42,
            44,
            40,
            38,
            41,
            37,
            35,
            43
        ],
        [
            2,
            8,
            7,
            22
        ]
    ],
    "parameters": {
        "ants_num": 20,
        "max_iter": 200,
        "alpha": 1,
        "beta": 2,
        "q0": 0.1,
        "rho": 0.1
    }
}