{
    "best_path": [
        0,
        12,
        11,
        10,
        0,
        23,
        21,
        18,
        19,
        22,
        20,
        24,
        25,
        0,
        14,
        15,
        16,
        9,
        13,
        17,
        0,
        5,
        3,
        1,
        0,
        2,
        6,
        7,
        8,
        4,
        0
    ],
    "best_path_distance": 472.65280051278876,
    "best_vehicle_num": 5,
    "total_time": 65.34183478355408,
    "routes": [
        [
            12,
            11,
            10
        ],
        [
            23,
            21,
            18,
            19,
            22,
            20,
            24,
            25
        ],
        [
            14,
            15,
            16,
            9,
            13,
            17
        ],
        [
            5,
            3,
            1
        ],
        [
            2,
            6,
            7,
            8,
            4
        ]
    ],
    "parameters": {
        "ants_num": 20,
        "max_iter": 200,
        "alpha": 1,
        "beta": 2,
        "q0": 0.1,
        "rho": 0.1
    }
}