{
    "best_path": [
        0,
        69,
        98,
        88,
        55,
        68,
        70,
        100,
        0,
        90,
        66,
        56,
        91,
        80,
        93,
        0,
        61,
        81,
        99,
        87,
        9,
        10,
        13,
        17,
        0,
        71,
        38,
        44,
        43,
        35,
        37,
        0,
        42,
        2,
        6,
        7,
        8,
        46,
        4,
        1,
        0,
        92,
        94,
        96,
        54,
        0,
        63,
        33,
        28,
        30,
        27,
        31,
        29,
        34,
        32,
        26,
        0,
        65,
        83,
        64,
        84,
        50,
        0,
        82,
        52,
        57,
        86,
        74,
        58,
        77,
        25,
        48,
        0,
        95,
        23,
        21,
        18,
        19,
        22,
        49,
        20,
        24,
        0,
        14,
        47,
        15,
        16,
        11,
        12,
        78,
        73,
        79,
        53,
        60,
        0,
        72,
        36,
        39,
        40,
        41,
        0,
        59,
        75,
        97,
        0,
        67,
        62,
        85,
        51,
        76,
        89,
        0,
        45,
        5,
        3,
        0
    ],
    "best_path_distance": 1676.4383314850782,
    "best_vehicle_num": 15,
    "total_time": 280.0140383243561,
    "routes": [
        [
            69,
            98,
            88,
            55,
            68,
            70,
            100
        ],
        [
            90,
            66,
            56,
            91,
            80,
            93
        ],
        [
            61,
            81,
            99,
            87,
            9,
            10,
            13,
            17
        ],
        [
            71,
            38,
            44,
            43,
            35,
            37
        ],
        [
            42,
            2,
            6,
            7,
            8,
            46,
            4,
            1
        ],
        [
            92,
            94,
            96,
            54
        ],
        [
            63,
            33,
            28,
            30,
            27,
            31,
            29,
            34,
            32,
            26
        ],
        [
            65,
            83,
            64,
            84,
            50
        ],
        [
            82,
            52,
            57,
            86,
            74,
            58,
            77,
            25,
            48
        ],
        [
            95,
            23,
            21,
            18,
            19,
            22,
            49,
            20,
            24
        ],
        [
            14,
            47,
            15,
            16,
            11,
            12,
            78,
            73,
            79,
            53,
            60
        ],
        [
            72,
            36,
            39,
            40,
            41
        ],
        [
            59,
            75,
            97
        ],
        [
            67,
            62,
            85,
            51,
            76,
            89
        ],
        [
            45,
            5,
            3
        ]
    ],
    "parameters": {
        "ants_num": 20,
        "max_iter": 200,
        "alpha": 1,
        "beta": 2,
        "q0": 0.1,
        "rho": 0.1
    }
}