{
    "best_path": [
        0,
        19,
        49,
        25,
        48,
        0,
        23,
        21,
        18,
        22,
        20,
        24,
        0,
        27,
        29,
        31,
        34,
        50,
        32,
        0,
        5,
        45,
        3,
        46,
        4,
        1,
        0,
        12,
        15,
        16,
        9,
        13,
        17,
        0,
        33,
        30,
        28,
        26,
        0,
        2,
        8,
        7,
        6,
        0,
        39,
        36,
        38,
        40,
        43,
        37,
        35,
        0,
        42,
        44,
        41,
        0,
        47,
        14,
        11,
        10,
        0
    ],
    "best_path_distance": 1039.9836011998382,
    "best_vehicle_num": 10,
    "total_time": 145.52246832847595,
    "routes": [
        [
            19,
            49,
            25,
            48
        ],
        [
            23,
            21,
            18,
            22,
            20,
            24
        ],
        [
            27,
            29,
            31,
            34,
            50,
            32
        ],
        [
            5,
            45,
            3,
            46,
            4,
            1
        ],
        [
            12,
            15,
            16,
            9,
            13,
            17
        ],
        [
            33,
            30,
            28,
            26
        ],
        [
            2,
            8,
            7,
            6
        ],
        [
            39,
            36,
            38,
            40,
            43,
            37,
            35
        ],
        [
            42,
            44,
            41
        ],
        [
            47,
            14,
            11,
            10
        ]
    ],
    "parameters": {
        "ants_num": 20,
        "max_iter": 200,
        "alpha": 1,
        "beta": 2,
        "q0": 0.1,
        "rho": 0.1
    }
}