{
    "best_path": [
        0,
        12,
        11,
        10,
        13,
        17,
        0,
        5,
        8,
        7,
        3,
        1,
        4,
        0,
        14,
        15,
        16,
        9,
        0,
        21,
        23,
        19,
        18,
        25,
        24,
        0,
        22,
        20,
        0,
        2,
        6,
        0
    ],
    "best_path_distance": 550.0243924995286,
    "best_vehicle_num": 6,
    "total_time": 34.53361177444458,
    "routes": [
        [
            12,
            11,
            10,
            13,
            17
        ],
        [
            5,
            8,
            7,
            3,
            1,
            4
        ],
        [
            14,
            15,
            16,
            9
        ],
        [
            21,
            23,
            19,
            18,
            25,
            24
        ],
        [
            22,
            20
        ],
        [
            2,
            6
        ]
    ],
    "parameters": {
        "ants_num": 20,
        "max_iter": 200,
        "alpha": 1,
        "beta": 2,
        "q0": 0.1,
        "rho": 0.1
    }
}