{
    "best_path": [
        0,
        90,
        81,
        54,
        96,
        93,
        80,
        0,
        92,
        95,
        62,
        51,
        76,
        89,
        48,
        0,
        69,
        98,
        88,
        60,
        100,
        70,
        0,
        65,
        83,
        52,
        99,
        86,
        74,
        58,
        0,
        61,
        68,
        55,
        0,
        82,
        53,
        10,
        13,
        17,
        0,
        42,
        39,
        38,
        44,
        41,
        37,
        35,
        0,
        72,
        71,
        67,
        94,
        91,
        0,
        59,
        75,
        97,
        77,
        25,
        0,
        31,
        29,
        27,
        26,
        34,
        32,
        0,
        2,
        6,
        7,
        3,
        1,
        4,
        0,
        64,
        57,
        56,
        66,
        0,
        21,
        23,
        18,
        22,
        20,
        24,
        0,
        5,
        45,
        8,
        79,
        46,
        0,
        14,
        12,
        11,
        9,
        87,
        0,
        47,
        15,
        16,
        73,
        78,
        0,
        28,
        33,
        30,
        50,
        0,
        63,
        85,
        84,
        0,
        19,
        49,
        0,
        36,
        40,
        43,
        0
    ],
    "best_path_distance": 1980.3626481800009,
    "best_vehicle_num": 20,
    "total_time": 390.4868369102478,
    "routes": [
        [
            90,
            81,
            54,
            96,
            93,
            80
        ],
        [
            92,
            95,
            62,
            51,
            76,
            89,
            48
        ],
        [
            69,
            98,
            88,
            60,
            100,
            70
        ],
        [
            65,
            83,
            52,
            99,
            86,
            74,
            58
        ],
        [
            61,
            68,
            55
        ],
        [
            82,
            53,
            10,
            13,
            17
        ],
        [
            42,
            39,
            38,
            44,
            41,
            37,
            35
        ],
        [
            72,
            71,
            67,
            94,
            91
        ],
        [
            59,
            75,
            97,
            77,
            25
        ],
        [
            31,
            29,
            27,
            26,
            34,
            32
        ],
        [
            2,
            6,
            7,
            3,
            1,
            4
        ],
        [
            64,
            57,
            56,
            66
        ],
        [
            21,
            23,
            18,
            22,
            20,
            24
        ],
        [
            5,
            45,
            8,
            79,
            46
        ],
        [
            14,
            12,
            11,
            9,
            87
        ],
        [
            47,
            15,
            16,
            73,
            78
        ],
        [
            28,
            33,
            30,
            50
        ],
        [
            63,
            85,
            84
        ],
        [
            19,
            49
        ],
        [
            36,
            40,
            43
        ]
    ],
    "parameters": {
        "ants_num": 20,
        "max_iter": 200,
        "alpha": 1,
        "beta": 2,
        "q0": 0.1,
        "rho": 0.1
    }
}